{
  "current": "Bootstrap",
  "presets": {
    "Bootstrap": {
      "customer_layout": "customer_area",
      "truncate-words": "25",
      "long-date-format": "%d %B %Y at %H:%M",
      "short-date-format": "%d %B %Y",
      "from": "from",
      "breadcrumb-separator": "»",
      "comments-posted-awaiting-moderation": "",
      "on-sale": "On Sale",
      "column-1-text": "Simple static text in the 1st column.",
      "column-2-text": "Simple static text in the 2nd column.",
      "column-3-text": "Simple static text in the 3rd column.",
      "column-4-text": "Simple static text in the 4th column.",
      "show-author-bios": true,
      "show-author-on-article": true,
      "show-author-on-index": true,
      "striped-tables": true,
      "table-borders": true,
      "setup-mode": true,
      "show-breadcrumbs": true,
      "show-collection-title-in-meta-title": false,
      "show-search-in-navbar": true,
      "show-sidebar": true,
      "logo-alignment": "center",
      "logo-placement": "navbar",
      "footer-columns": "3",
      "thumbnails-per-row": "4",
      "homepage-featured-collections-limit": "1-row",
      "featured-products-limit": "1-row",
      "placement-of-add-to-cart-button": "below-variant-options",
      "thumbnail-span": "4",
      "sidebar-linklist": "sidebar-menu",
      "homepage-intro": "frontpage",
      "sidebar-blog": "news",
      "featured-collections-linklist": "homepage-featured-collections",
      "homepage-featured-products-collection": "frontpage",
      "collection-to-link-to-if-cart-empty": "frontpage",
      "column-1-blog": "news",
      "column-1-menu": "main-menu",
      "column-4-menu": "footer",
      "column-3-menu": "sidebar-menu",
      "column-2-menu": "homepage-featured-collections",
      "column-2-blog": "news",
      "column-3-blog": "news",
      "column-4-blog": "news"
    }
  }
}