{
  "current": "Bootstrapify",
  "presets": {
    "Bootstrapify": {
      "customer_layout": "customer_area",
      "truncate-words": "25",
      "primary-color": "",
      "secondary-color": "",
      "site-background-image-position": "center top",
      "shopify-affiliate-code": "lucid-design",
      "breadcrumb-separator": "&raquo;",
      "slide-call-to-action-1": "",
      "slide-heading-1": "",
      "slide-link-1": "",
      "slide-call-to-action-2": "Call-to-action",
      "slide-heading-2": "Slides can have captions",
      "slide-link-2": "#",
      "slide-call-to-action-3": "",
      "slide-heading-3": "",
      "slide-link-3": "",
      "slide-call-to-action-4": "",
      "slide-heading-4": "",
      "slide-link-4": "",
      "slide-call-to-action-5": "",
      "slide-heading-5": "",
      "slide-link-5": "",
      "slide-navigation-icon": "icon-chevron-sign",
      "left-quote": "&ldquo;",
      "long-date-format": "%d %B %Y at %H:%M",
      "right-quote": "&rdquo;",
      "short-date-format": "%d %B %Y",
      "default-currency": "",
      "supported-currencies": "",
      "truncate-blog-articles": "25",
      "envelope": "shopify@luciddesign.co.nz",
      "facebook": "https://www.facebook.com/luciddesignnz",
      "google-plus": "https://plus.google.com/118295674448784635399/about",
      "pinterest": "http://pinterest.com/galenking/lucid-design/",
      "twitter": "https://twitter.com/luciddesign",
      "body-font-custom": "",
      "body-font-weight": "",
      "body-size": "",
      "footer-font-custom": "",
      "footer-font-weight": "",
      "footer-size": "",
      "heading-1-size": "",
      "heading-2-size": "",
      "heading-3-size": "",
      "heading-4-size": "",
      "heading-5-size": "",
      "heading-6-size": "",
      "heading-font-custom": "Oswald",
      "heading-font-weight": "300",
      "navbar-font-custom": "Oswald",
      "navbar-font-weight": "300",
      "navbar-size": "",
      "sidebar-base-font-custom": "",
      "sidebar-base-font-weight": "",
      "sidebar-nav-font-custom": "Oswald",
      "sidebar-nav-font-weight": "300",
      "sidebar-size": "",
      "custom-css": "",
      "column-1-text": "",
      "column-2-text": "",
      "column-3-text": "The footer can have <em>up to</em> four columns which can contain none, one or all of a <strong>blog</strong>, <strong>menu</strong> (linklist), <strong>html text</strong> or <strong>social media icons</strong>.",
      "column-4-text": "",
      "slide-caption-1": "",
      "slide-caption-2": "With headings and a call-to-action. Like this one. It can all be customised easily in the theme settings without touching a line of code.",
      "slide-caption-3": "",
      "slide-caption-4": "",
      "slide-caption-5": "",
      "body-font": "",
      "footer-font": "",
      "heading-font": "",
      "navbar-font": "",
      "sidebar-base-font": "",
      "sidebar-nav-font": "",
      "round-avatars": true,
      "show-author": true,
      "show-author-bios": true,
      "logo-image": false,
      "condensed-tables": false,
      "highlight-table-rows-on-hover": true,
      "site-background-image": false,
      "striped-tables": true,
      "table-borders": false,
      "hide-theme-designer-credits": false,
      "show-breadcrumbs": true,
      "show-collection-title-in-meta-title": true,
      "show-search-in-navbar": true,
      "slide-active-1": true,
      "slide-active-2": true,
      "slide-active-3": false,
      "slide-active-4": false,
      "slide-active-5": false,
      "show-currency-with-prices": false,
      "show-multiple-currencies": false,
      "show-sidebar": true,
      "rss": true,
      "body-font-google": false,
      "footer-font-google": false,
      "heading-font-google": true,
      "heading-letterpress": true,
      "navbar-font-google": true,
      "sidebar-base-font-google": false,
      "sidebar-nav-font-google": true,
      "logo-alignment": "center",
      "logo-placement": "navbar",
      "tag-format": "buttons",
      "color-scheme": "light",
      "site-background-image-repeat": "repeat",
      "site-color-scheme": "light",
      "footer-columns": "4",
      "default-pagination": "10",
      "thumbnails-per-row": "4",
      "homepage-featured-collections-limit": "1-row",
      "featured-products-limit": "1-row",
      "slider-width": "main-content-width",
      "placement-of-add-to-cart-button": "below-variant-options",
      "newsletter-signup-placement": "sidebar",
      "social-links-placement": "column-4",
      "heading-case": "uppercase",
      "heading-style": "normal",
      "nav-case": "uppercase",
      "nav-style": "normal",
      "sidebar-nav-case": "uppercase",
      "site-background-color": "#eee",
      "labels-default-color": "",
      "labels-important-color": "",
      "labels-info-color": "",
      "labels-inverse-color": "",
      "labels-success-color": "",
      "labels-warning-color": "",
      "navbar-background-color": "#c00",
      "body-link-color": "",
      "body-text-color": "",
      "footer-link-color": "",
      "footer-text-color": "",
      "heading-text-color": "",
      "navbar-link-color": "",
      "sidebar-link-color": "",
      "sidebar-text-color": "",
      "navbar-active-background-color": "",
      "navbar-hover-background-color": "",
      "sidebar-nav-active-background-color": "",
      "sidebar-nav-hover-background-color": "",
      "body-link-hover-color": "",
      "footer-link-hover-color": "",
      "navbar-link-hover-color": "",
      "navbar-text-color": "",
      "sidebar-link-hover-color": "",
      "featured-collections-linklist": "homepage-featured-collections",
      "homepage-featured-products-collection": "frontpage",
      "homepage-intro": "frontpage",
      "sidebar-blog": "news",
      "sidebar-linklist": "sidebar-menu",
      "typeahead-collection": "all-products",
      "column-1-blog": "news",
      "column-2-menu": "footer",
      "collection-to-link-to-if-cart-empty": "all-products"
    },
    "Hi-fi": {
      "customer_layout": "customer_area",
      "truncate-words": "25",
      "site-background-color": "",
      "shopify-affiliate-code": "lucid-design",
      "breadcrumb-separator": "/",
      "slide-call-to-action-1": "",
      "slide-heading-1": "",
      "slide-link-1": "",
      "slide-call-to-action-2": "",
      "slide-heading-2": "",
      "slide-link-2": "",
      "slide-call-to-action-3": "",
      "slide-heading-3": "",
      "slide-link-3": "",
      "slide-call-to-action-4": "",
      "slide-heading-4": "",
      "slide-link-4": "",
      "slide-call-to-action-5": "",
      "slide-heading-5": "",
      "slide-link-5": "",
      "slide-navigation-icon": "icon-chevron-sign",
      "left-quote": "&ldquo;",
      "long-date-format": "%d %B %Y at %H:%M",
      "right-quote": "&rdquo;",
      "short-date-format": "%d %B %Y",
      "default-currency": "NZD",
      "supported-currencies": "NZD USD AUD CHF EUR GBP",
      "truncate-blog-articles": "25",
      "envelope": "shopify@luciddesign.co.nz",
      "facebook": "https://www.facebook.com/luciddesignnz",
      "google-plus": "https://plus.google.com/118295674448784635399/about",
      "pinterest": "http://pinterest.com/galenking/lucid-design/",
      "twitter": "https://twitter.com/luciddesign",
      "body-font-custom": "",
      "body-link-color": "",
      "body-link-hover-color": "",
      "body-size": "",
      "body-text-color": "",
      "footer-font-custom": "",
      "footer-link-color": "",
      "footer-link-hover-color": "",
      "footer-size": "",
      "footer-text-color": "",
      "heading-1-size": "",
      "heading-2-size": "",
      "heading-3-size": "",
      "heading-4-size": "",
      "heading-5-size": "",
      "heading-6-size": "",
      "heading-font-custom": "Oswald",
      "heading-text-color": "",
      "navbar-font-custom": "Oswald",
      "navbar-link-color": "",
      "navbar-link-hover-color": "",
      "navbar-size": "",
      "navbar-text-color": "",
      "sidebar-link-color": "",
      "sidebar-link-hover-color": "",
      "sidebar-size": "",
      "sidebar-text-color": "",
      "column-1-text": "<strong>Lucid One</strong> is a Twitter Bootstrap-based Shopify theme framework that makes it easy to create and develop advanced Shopify themes with ease and minimal coding from scratch.",
      "column-2-text": "",
      "column-3-text": "",
      "column-4-text": "",
      "slide-caption-1": "",
      "slide-caption-2": "",
      "slide-caption-3": "",
      "slide-caption-4": "",
      "slide-caption-5": "",
      "round-avatars": true,
      "show-author": false,
      "show-author-bios": false,
      "logo-image": false,
      "condensed-tables": false,
      "highlight-table-rows-on-hover": true,
      "striped-tables": false,
      "table-borders": false,
      "hide-theme-designer-credits": false,
      "show-breadcrumbs": true,
      "show-collection-title-in-meta-title": true,
      "show-search-in-navbar": true,
      "slide-active-1": true,
      "slide-active-2": true,
      "slide-active-3": false,
      "slide-active-4": false,
      "slide-active-5": false,
      "show-currency-with-prices": false,
      "show-multiple-currencies": true,
      "show-sidebar": true,
      "rss": true,
      "heading-letterpress": true,
      "logo-alignment": "center",
      "logo-placement": "sidebar",
      "tag-format": "buttons",
      "color-scheme": "light",
      "footer-columns": "4",
      "default-pagination": "10",
      "thumbnails-per-row": "4",
      "homepage-featured-collections-limit": "1-row",
      "featured-products-limit": "1-row",
      "slider-width": "main-content-width",
      "placement-of-add-to-cart-button": "at-top-of-page",
      "newsletter-signup-placement": "sidebar",
      "social-links-placement": "column-4",
      "heading-case": "uppercase",
      "heading-style": "normal",
      "nav-case": "uppercase",
      "nav-style": "normal",
      "body-font": "",
      "footer-font": "",
      "heading-font": "",
      "navbar-font": "",
      "featured-collections-linklist": "featured-collections",
      "homepage-featured-products-collection": "frontpage",
      "homepage-intro": "frontpage",
      "sidebar-blog": "news",
      "sidebar-linklist": "main-menu",
      "primary-color": "#333",
      "secondary-color": "#f9f9f9",
      "site-background-image-position": "center top",
      "body-font-weight": "",
      "footer-font-weight": "",
      "heading-font-weight": "300",
      "navbar-font-weight": "300",
      "sidebar-base-font-custom": "",
      "sidebar-base-font-weight": "",
      "sidebar-nav-font-custom": "Oswald",
      "sidebar-nav-font-weight": "300",
      "custom-css": "",
      "sidebar-base-font": "",
      "sidebar-nav-font": "",
      "site-background-image": false,
      "body-font-google": false,
      "footer-font-google": false,
      "heading-font-google": true,
      "navbar-font-google": true,
      "sidebar-base-font-google": false,
      "sidebar-nav-font-google": true,
      "site-background-image-repeat": "repeat",
      "site-color-scheme": "light",
      "sidebar-nav-case": "uppercase",
      "collection-to-link-to-if-cart-empty": "all-products",
      "column-1-blog": "",
      "column-2-menu": "",
      "column-2-blog": "news",
      "column-3-menu": "footer",
      "typeahead-collection": "all-products"
    }
  }
}