{
  "current": {
    "logo-image": false,
    "logo-placement": "top-navbar",
    "logo-icon-class": "",
    "brand-primary": "#333333",
    "background-colour": "#f9f9f9",
    "heading-colour": "#333333",
    "text-colour": "#333333",
    "link-colour": "#333333",
    "button-colour": "#333333",
    "button-text-colour": "#eeeeee",
    "footer-background-colour": "#f6f6f6",
    "footer-heading-colour": "",
    "footer-link-colour": "",
    "footer-text-colour": "",
    "main-navbar-background-colour": "#f9f9f9",
    "main-navbar-link-colour": "#333333",
    "navbar-background-colour": "#ffffff",
    "navbar-link-colour": "#333333",
    "sidebar-background-colour": "",
    "sidebar-heading-colour": "",
    "sidebar-link-colour": "",
    "sidebar-text-colour": "",
    "round-avatars": true,
    "show-borders": false,
    "site-background-image": false,
    "site-background-image-position": "center top",
    "site-background-image-repeat": "repeat",
    "container-width-small-devices": "720px",
    "container-width-medium-devices": "970px",
    "container-width-large-devices": "1170px",
    "thumbnails-per-row-mobile": "1",
    "thumbnails-per-row-tablet": "2",
    "thumbnails-per-row-laptop": "4",
    "thumbnails-per-row-desktop": "4",
    "default-pagination": "50",
    "product-page-image-placement": "left",
    "show-breadcrumbs": false,
    "window-width-thumbnail-container": false,
    "homepage-content": "welcome",
    "homepage-products-collection": "featured-work",
    "homepage-products-limit": "unlimited",
    "homepage-collections-linklist": "",
    "homepage-collections-limit": "unlimited",
    "homepage-blog": "",
    "facebook-album-blog": "",
    "features-linklist": "",
    "instagram-feed": false,
    "testimonials-blog": "",
    "testimonials-blog-post-limit": "4",
    "show-slider": false,
    "slider-width": "site-width",
    "auto-play-slider": false,
    "carousel-speed": "2000",
    "carousel-transition": "slide",
    "slide-1-active": false,
    "slide-1-dark": false,
    "slide-1-position": "top left",
    "slide-1-heading": "",
    "slide-1-caption": "",
    "slide-1-button-text": "",
    "slide-1-button-link": "",
    "slide-2-active": false,
    "slide-2-dark": false,
    "slide-2-position": "top left",
    "slide-2-heading": "",
    "slide-2-caption": "",
    "slide-2-button-text": "",
    "slide-2-button-link": "",
    "slide-3-active": false,
    "slide-3-dark": false,
    "slide-3-position": "top left",
    "slide-3-heading": "",
    "slide-3-caption": "",
    "slide-3-button-text": "",
    "slide-3-button-link": "",
    "slide-4-active": false,
    "slide-4-dark": false,
    "slide-4-position": "top left",
    "slide-4-heading": "",
    "slide-4-caption": "",
    "slide-4-button-text": "",
    "slide-4-button-link": "",
    "slide-5-active": false,
    "slide-5-dark": false,
    "slide-5-position": "top left",
    "slide-5-heading": "",
    "slide-5-caption": "",
    "slide-5-button-text": "",
    "slide-5-button-link": "",
    "heading-letterpress": true,
    "font-body-custom": "\"proxima-nova\"",
    "font-body": "'Lucida Grande', 'Lucida Sans Unicode', 'Lucida Sans', Lucida, Helvetica, Arial, sans-serif",
    "font-body-weight": "100",
    "font-body-size": "15px",
    "font-body-style": "normal",
    "font-body-case": "normal",
    "font-brand-custom": "jaf-bernina-sans-comp",
    "font-brand": "",
    "font-brand-weight": "700",
    "font-brand-size": "40px",
    "font-brand-style": "normal",
    "font-brand-case": "uppercase",
    "font-heading-custom": "jaf-bernina-sans-comp",
    "font-heading": "",
    "font-heading-weight": "600",
    "font-heading-size": "36px",
    "font-heading-style": "normal",
    "font-heading-case": "uppercase",
    "font-navbar-custom": "",
    "font-navbar": "",
    "font-navbar-weight": "",
    "font-navbar-size": "",
    "font-navbar-style": "normal",
    "font-navbar-case": "normal",
    "blog-list-limit": "3",
    "show-author": true,
    "show-author-bios": true,
    "truncate-words": "50",
    "use-gravatars": true,
    "event-date-format": "dd/mm/yyyy",
    "display-vendor-description": false,
    "enable-image-lightbox": false,
    "enable-image-zoom": false,
    "hidden-tag-prefixes": "hd,hidden",
    "product-description-as-tabs": false,
    "product-tab-linklist": "",
    "secondary-call-to-action-url": "",
    "show-product-collections": true,
    "show-product-tags": true,
    "show-product-type": true,
    "show-product-vendor": true,
    "show-unavailable-products": false,
    "show-notify-me": false,
    "show-related-products": true,
    "show-social-share-links": true,
    "secondary-related-collection": "frontpage",
    "featured-image-position": "do-not-show",
    "overlay-title-on-hover": false,
    "overlay-title-on-hover-background-color": "",
    "show-on-sale-badge": "as-percentage-off",
    "show-compare-at-price": true,
    "show-product-sorter": false,
    "show-product-count-for-collections": true,
    "show-descriptions-on-nested-collections-page": false,
    "show-products-on-nested-collections-page": false,
    "show-vendor-with-thumbnail": "do-not-show",
    "all-collections-linklist": "",
    "show-out-of-stock-badge": false,
    "collections-per-row": "3",
    "hidden-collection-limit": "0",
    "thumbnail-layout": "masonry",
    "thumbnail-ratio": "",
    "thumbnail-alignment": "top",
    "thumbnails-cropped": false,
    "collection-feature-image": "collection-image",
    "collection-header-placement": "above-products",
    "tag-button-limit": "10",
    "tag-filtering-action": "build-tag-filter",
    "tag-placement": "do-not-show",
    "recommended-products-collection": "frontpage",
    "show-recommended-collections-on-homepage": false,
    "show-recommended-collections-on-collection": false,
    "show-recommended-collections-on-product": false,
    "show-recommended-collections-on-cart": false,
    "show-recommended-collections-on-page": false,
    "show-recommended-collections-on-blog": false,
    "show-recommended-collections-on-article": false,
    "show-recommended-collections-on-search": false,
    "show-recommended-collections-on-404": false,
    "show-sidebar-on-homepage": false,
    "show-sidebar-on-collection": false,
    "show-sidebar-on-product": false,
    "show-sidebar-on-cart": false,
    "show-sidebar-on-page": false,
    "show-sidebar-on-blog": false,
    "show-sidebar-on-article": false,
    "show-sidebar-on-search": false,
    "show-sidebar-on-404": false,
    "sidebar-blog": "frontpage",
    "sidebar-linklist": "",
    "sidebar-placement": "left",
    "top-navbar-linklist-left": "main-menu",
    "top-navbar-linklist-right": "top-right",
    "top-navbar-placement": "static-top",
    "main-menu-linklist": "",
    "main-menu-alignment": "center",
    "footer-navbar-linklist-left": "",
    "footer-navbar-linklist-right": "footer-right",
    "footer-navbar-placement": "static-bottom",
    "search-placement": "dont-show",
    "typeahead-collection": "frontpage",
    "use-mega-dropdown-menu": false,
    "column-1-blog": "",
    "column-1-menu": "",
    "column-1-text": "<h2>Lucid</h2>\r\n<p class=\"lead\">Beautiful, elegant design and development.</p>\r\n<p><a href=\"https://experts.shopify.com/lucid-design?ref=lucid-design\" title=\"View Lucid on the Shopify Experts site\"><img src=\"https://experts.shopify.com/assets/badges/expert-black-3b77c43af6174741f049315efcec6040.png\" alt=\"Shopify Experts badge\"></a></p>",
    "column-2-blog": "blog",
    "column-2-menu": "",
    "column-2-text": "",
    "column-3-blog": "frontpage",
    "column-3-menu": "footer",
    "column-3-text": "",
    "column-4-blog": "frontpage",
    "column-4-menu": "",
    "column-4-text": "<h4>Get in touch</h4>\r\n<p><strong>Lucid Design Limited</strong><br>\r\n111 Bridge Street<br>\r\nNelson 7010<br>\r\nNew Zealand</p>\r\n<p>+64 3 548 1679</p>\r\n<p><a href=\"mailto:info@lucid.co.nz\">info@lucid.co.nz</a></p>",
    "ajax-cart": false,
    "cart-page-content": "",
    "collection-to-link-to-if-cart-empty": "frontpage",
    "disable-cart": false,
    "free-shipping-threshold": "",
    "hide-prices-if-cart-disabled": true,
    "show-agree-with-terms-and-conditions-checkbox": false,
    "show-shipping-estimator": false,
    "enable-age-verification": false,
    "verification-age": "18",
    "localizations": "vendor:Client,\r\nproduct:Project",
    "long-date-format": "%d %B %Y",
    "short-date-format": "%d/%m/%y",
    "show-multiple-currencies": false,
    "currency-switcher-default": "",
    "supported-currencies": "",
    "currency-switcher-position": "top-navbar",
    "show-currency-with-prices": "with-currency",
    "append-plus-taxes-to-price": false,
    "social-links-dribbble": "http://dribbble.com/luciddesign",
    "social-links-email": "info@lucid.co.nz",
    "social-links-facebook": "https://facebook.com/luciddesignnz",
    "social-links-flickr": "",
    "social-links-foursquare": "",
    "social-links-github": "https://github.com/luciddesign",
    "social-links-google-plus": "",
    "social-links-instagram": "",
    "social-links-linkedin": "",
    "social-links-pinterest": "",
    "social-links-rss": "blog",
    "social-links-skype": "",
    "social-links-stack-exchange": "",
    "social-links-stack-overflow": "",
    "social-links-tumblr": "",
    "social-links-twitter": "https://twitter.com/lucid",
    "social-links-vimeo": "",
    "social-links-youtube": "",
    "social-links-placement": "footer-navbar-right",
    "instagram-default-hashtag": "",
    "instagram-client-id": "",
    "instagram-blacklist": "",
    "newsletter-platform": "shopify",
    "newsletter-signup-placement": "footer-navbar-left",
    "newsletter-form-action-url": "",
    "sass-variables": "$grid-gutter-width: 60px;\r\n$navbar-height: 60px;\r\n$text-muted: rgba($brand-primary, 0.5);",
    "custom-css": "strong, b {\r\n  font-weight: 500 !important;\r\n}\r\n\r\n.product-price {\r\n  @extend .lead;\r\n  font-size: 2em;\r\n  margin-top: $grid-gutter-width / 2;\r\n  margin-bottom: $grid-gutter-width / 2;\r\n}\r\n\r\nh4 {\r\n  font-family: $font-family-base;\r\n  font-size: $font-size-base;\r\n  text-transform: none;\r\n\r\n  @extend .text-muted;\r\n\r\n  .product-thumbnail:hover & {\r\n    color: #333;\r\n  }\r\n}\r\n\r\n.product-thumbnail .caption {\r\n  padding: 1em 0;\r\n}\r\n\r\n.lead {\r\n  font-weight: inherit;\r\n}\r\n\r\n.collection--header {\r\n  margin: 0;\r\n}\r\n\r\n.collection__description p:first-child {\r\n  @extend .lead;\r\n}\r\n\r\n.page-header, .collection--header .collection--intro>h1 {\r\n  padding-top: 0;\r\n  padding-bottom: 0;\r\n}\r\n\r\n#homepage-intro {\r\n  .main-content {\r\n    padding-bottom: 0;\r\n    @extend .lead;\r\n  }\r\n}",
    "custom-checkout-css": "",
    "custom-header-code": "<script type=\"text/javascript\">\r\n  function triggerIsotope() {\r\n    if ( !$container ) { return; }\r\n    $container.isotope('layout');\r\n  }\r\n\r\n  (function(d) {\r\n    var config = {\r\n      kitId: 'esr6xiy',\r\n      scriptTimeout: 3000\r\n    },\r\n    h=d.documentElement,t=setTimeout(function(){h.className=h.className.replace(/\\bwf-loading\\b/g,\"\")+\" wf-inactive\";},config.scriptTimeout),tk=d.createElement(\"script\"),f=false,s=d.getElementsByTagName(\"script\")[0],a;h.className+=\" wf-loading\";tk.src='//use.typekit.net/'+config.kitId+'.js';tk.async=true;tk.onload=tk.onreadystatechange=function(){a=this.readyState;if(f||a&&a!=\"complete\"&&a!=\"loaded\")return;f=true;clearTimeout(t);try{Typekit.load(config)}catch(e){}};s.parentNode.insertBefore(tk,s)\r\n  })(document);\r\n</script>",
    "custom-footer-code": "<script type=\"text/javascript\">\r\n  var _gauges = _gauges || [];\r\n  (function() {\r\n    var t   = document.createElement('script');\r\n    t.type  = 'text/javascript';\r\n    t.async = true;\r\n    t.id    = 'gauges-tracker';\r\n    t.setAttribute('data-site-id', '504fb0b3613f5d26f900002b');\r\n    t.src = '//secure.gaug.es/track.js';\r\n    var s = document.getElementsByTagName('script')[0];\r\n    s.parentNode.insertBefore(t, s);\r\n  })();\r\n</script>",
    "advanced-homepage-layout": "",
    "development-mode": false,
    "checkout_use_header_image": false,
    "checkout_banner_background_color": "#ffffff",
    "checkout_logo": "",
    "checkout_headline": "",
    "checkout_accent_color": "#2a9dcc",
    "checkout_button_color": "#2a9dcc",
    "checkout_call_to_action_color": "#8fc243",
    "customer_layout": "customer_area",
    "mailchimp": "",
    "round-thumbnail-images": "false",
    "round-thumbnail-images-on-homepage": "false",
    "use-adaptive-thumbnails-per-row": "1",
    "show-search-in-navbar": "0",
    "body-background-colour": "#fcfcfc",
    "body-heading-colour": "#34343e",
    "body-link-colour": "#34343e",
    "body-text-colour": "#34343e",
    "font-nav-secondary-custom": "",
    "font-nav-secondary-weight": "",
    "font-nav-secondary-size": "",
    "hide-products-with-less-than-this-number-of-products": "0",
    "left-quote": "“",
    "right-quote": "”",
    "font-nav-secondary": "",
    "centered-layout": "false",
    "masonry-style-layout": "true",
    "site-wide-thumbnail-container": "true",
    "show-currency-with-prices-with-currency": "false",
    "show-currency-with-prices-without-currency": "false",
    "logo-alignment": "center",
    "featured-collections-limit": "unlimited",
    "featured-products-limit": "unlimited",
    "font-nav-secondary-style": "normal",
    "font-nav-secondary-case": "normal",
    "tag-format": "buttons",
    "main-nav-alignment": "center",
    "main-navbar-placement": "main-content-width",
    "footer-columns": "4",
    "round-product-images": "false",
    "show-sidebar": "false",
    "thumbnails-per-row": "4",
    "navbar-text-colour": "#cccccc",
    "collection": "Collection",
    "collections": "Collections",
    "tag": "Tag",
    "tags": "Tags",
    "type": "Type",
    "vendor": "Client",
    "custom-font-embed-code": "",
    "show-newsletter-signup-form": "true",
    "fix-footer-navbar": "true",
    "navbar-placement": "main-content",
    "footer-navbar-linklist": "footer",
    "navbar-linklist": "main-menu",
    "homepage": "welcome",
    "featured-collections-linklist": "",
    "homepage-featured-products-collection": "recent-work",
    "main-navbar-linklist": "main-menu",
    "top-navbar-linklist": "",
    "featured-blog": "blog",
    "blog-for-facebook-album": ""
  }
}