{
  "current": {
    "logo-image": false,
    "logo-placement": "above-main-content",
    "logo-icon-class": "",
    "brand-primary": "#7f72b3",
    "background-colour": "#444349",
    "heading-colour": "#7f72b3",
    "text-colour": "#eae6fa",
    "link-colour": "",
    "button-colour": "",
    "button-text-colour": "",
    "footer-background-colour": "#49484e",
    "footer-heading-colour": "",
    "footer-link-colour": "",
    "footer-text-colour": "",
    "main-navbar-background-colour": "",
    "main-navbar-link-colour": "",
    "navbar-background-colour": "",
    "navbar-link-colour": "",
    "sidebar-background-colour": "",
    "sidebar-heading-colour": "",
    "sidebar-link-colour": "",
    "sidebar-text-colour": "",
    "round-avatars": false,
    "show-borders": false,
    "site-background-image": false,
    "site-background-image-position": "center top",
    "site-background-image-repeat": "repeat",
    "container-width-small-devices": "720px",
    "container-width-medium-devices": "970px",
    "container-width-large-devices": "1200px",
    "thumbnails-per-row-mobile": "2",
    "thumbnails-per-row-tablet": "2",
    "thumbnails-per-row-laptop": "3",
    "thumbnails-per-row-desktop": "4",
    "default-pagination": "4",
    "product-page-image-placement": "right",
    "show-breadcrumbs": true,
    "window-width-thumbnail-container": false,
    "homepage-content": "frontpage",
    "homepage-products-collection": "frontpage",
    "homepage-products-limit": "4",
    "homepage-collections-linklist": "homepage-featured-collections",
    "homepage-collections-limit": "3-rows",
    "homepage-blog": "news",
    "facebook-album-blog": "frontpage",
    "features-linklist": "",
    "instagram-feed": true,
    "testimonials-blog": "testomials",
    "testimonials-blog-post-limit": "4",
    "show-slider": true,
    "slider-width": "window-width",
    "auto-play-slider": false,
    "carousel-speed": "2000",
    "carousel-transition": "slide",
    "slide-1-active": true,
    "slide-1-dark": false,
    "slide-1-position": "top left",
    "slide-1-heading": "Heading",
    "slide-1-caption": "This is a caption of text that tells you something about the banner.",
    "slide-1-button-text": "go button go!",
    "slide-1-button-link": "/index",
    "slide-2-active": true,
    "slide-2-dark": false,
    "slide-2-position": "middle center",
    "slide-2-heading": "",
    "slide-2-caption": "more texts...",
    "slide-2-button-text": "",
    "slide-2-button-link": "",
    "slide-3-active": true,
    "slide-3-dark": true,
    "slide-3-position": "bottom right",
    "slide-3-heading": "Dark",
    "slide-3-caption": "yay dark texts...",
    "slide-3-button-text": "dark button?",
    "slide-3-button-link": "#",
    "slide-4-active": false,
    "slide-4-dark": false,
    "slide-4-position": "top left",
    "slide-4-heading": "",
    "slide-4-caption": "",
    "slide-4-button-text": "",
    "slide-4-button-link": "",
    "slide-5-active": false,
    "slide-5-dark": false,
    "slide-5-position": "top left",
    "slide-5-heading": "",
    "slide-5-caption": "",
    "slide-5-button-text": "",
    "slide-5-button-link": "",
    "heading-letterpress": true,
    "font-body-custom": "",
    "font-body": "",
    "font-body-weight": "300",
    "font-body-size": "",
    "font-body-style": "normal",
    "font-body-case": "normal",
    "font-brand-custom": "",
    "font-brand": "",
    "font-brand-weight": "",
    "font-brand-size": "",
    "font-brand-style": "normal",
    "font-brand-case": "uppercase",
    "font-heading-custom": "",
    "font-heading": "",
    "font-heading-weight": "100",
    "font-heading-size": "40px",
    "font-heading-style": "normal",
    "font-heading-case": "normal",
    "font-navbar-custom": "",
    "font-navbar": "",
    "font-navbar-weight": "",
    "font-navbar-size": "",
    "font-navbar-style": "normal",
    "font-navbar-case": "normal",
    "blog-list-limit": "1",
    "show-author": true,
    "show-author-bios": true,
    "truncate-words": "25",
    "use-gravatars": true,
    "event-date-format": "dd/mm/yyyy",
    "display-vendor-description": true,
    "enable-image-lightbox": true,
    "enable-image-zoom": true,
    "hidden-tag-prefixes": "hd,hidden",
    "product-description-as-tabs": false,
    "product-tab-linklist": "",
    "secondary-call-to-action-url": "",
    "show-product-collections": false,
    "show-product-tags": false,
    "show-product-type": false,
    "show-product-vendor": false,
    "show-unavailable-products": false,
    "show-notify-me": true,
    "show-related-products": true,
    "show-social-share-links": true,
    "secondary-related-collection": "frontpage",
    "show-stock-availability": false,
    "max-stock-availability": "100",
    "colour-stock-availability": false,
    "featured-image-position": "do-not-show",
    "overlay-title-on-hover": false,
    "overlay-title-on-hover-background-color": "#444349",
    "show-on-sale-badge": "as-text",
    "show-compare-at-price": false,
    "quick-cart": false,
    "show-stock-availability-on-collection": false,
    "show-product-sorter": false,
    "show-product-count-for-collections": true,
    "show-descriptions-on-nested-collections-page": false,
    "show-products-on-nested-collections-page": false,
    "show-vendor-with-thumbnail": "do-not-show",
    "all-collections-linklist": "",
    "show-out-of-stock-badge": false,
    "collections-per-row": "4",
    "hidden-collection-limit": "0",
    "thumbnail-layout": "ordered",
    "thumbnail-ratio": "1:1",
    "thumbnail-alignment": "middle",
    "thumbnails-cropped": true,
    "collection-feature-image": "collection-image",
    "collection-header-placement": "above-products",
    "tag-button-limit": "0",
    "tag-filtering-action": "build-tag-filter",
    "tag-placement": "sidebar",
    "collection-fallback-page": "frontpage",
    "recommended-products-collection": "frontpage",
    "show-recommended-collections-on-homepage": false,
    "show-recommended-collections-on-collection": false,
    "show-recommended-collections-on-product": false,
    "show-recommended-collections-on-cart": false,
    "show-recommended-collections-on-page": false,
    "show-recommended-collections-on-blog": false,
    "show-recommended-collections-on-article": false,
    "show-recommended-collections-on-search": false,
    "show-recommended-collections-on-404": false,
    "show-sidebar-on-homepage": false,
    "show-sidebar-on-collection": true,
    "show-sidebar-on-product": false,
    "show-sidebar-on-cart": false,
    "show-sidebar-on-page": false,
    "show-sidebar-on-blog": true,
    "show-sidebar-on-article": true,
    "show-sidebar-on-search": true,
    "show-sidebar-on-404": false,
    "sidebar-blog": "frontpage",
    "sidebar-linklist": "sidebar-menu",
    "sidebar-placement": "left",
    "top-navbar-linklist-left": "main-menu",
    "top-navbar-linklist-right": "",
    "top-navbar-placement": "fixed-to-top",
    "main-menu-linklist": "main-menu",
    "main-menu-alignment": "center",
    "footer-navbar-linklist-left": "footer",
    "footer-navbar-linklist-right": "",
    "footer-navbar-placement": "fixed-to-bottom",
    "search-placement": "top-navbar",
    "typeahead-collection": "all-products",
    "use-mega-dropdown-menu": false,
    "column-1-blog": "frontpage",
    "column-1-menu": "",
    "column-1-text": "&nbsp;",
    "column-2-blog": "frontpage",
    "column-2-menu": "sidebar-menu",
    "column-2-text": "",
    "column-3-blog": "news",
    "column-3-menu": "",
    "column-3-text": "",
    "column-4-blog": "frontpage",
    "column-4-menu": "",
    "column-4-text": "",
    "ajax-cart": true,
    "cart-page-content": "frontpage",
    "collection-to-link-to-if-cart-empty": "frontpage",
    "disable-cart": false,
    "free-shipping-threshold": "$200",
    "hide-prices-if-cart-disabled": false,
    "show-agree-with-terms-and-conditions-checkbox": false,
    "show-shipping-estimator": true,
    "enable-age-verification": false,
    "verification-age": "18",
    "localizations": "badge: award,",
    "long-date-format": "%d %B %Y at %H:%M",
    "short-date-format": "%d %B %Y",
    "show-multiple-currencies": true,
    "currency-switcher-default": "",
    "supported-currencies": "NZD USD CAD",
    "currency-switcher-position": "top-navbar",
    "show-currency-with-prices": "with-currency",
    "append-plus-taxes-to-price": false,
    "social-links-dribbble": "",
    "social-links-email": "",
    "social-links-facebook": "",
    "social-links-flickr": "",
    "social-links-foursquare": "",
    "social-links-github": "",
    "social-links-google-plus": "",
    "social-links-instagram": "",
    "social-links-linkedin": "",
    "social-links-pinterest": "",
    "social-links-rss": "",
    "social-links-skype": "",
    "social-links-stack-exchange": "",
    "social-links-stack-overflow": "",
    "social-links-tumblr": "",
    "social-links-twitter": "",
    "social-links-vimeo": "",
    "social-links-youtube": "",
    "social-links-placement": "footer-navbar-right",
    "instagram-default-hashtag": "",
    "instagram-client-id": "",
    "instagram-blacklist": "",
    "newsletter-platform": "",
    "newsletter-signup-placement": "footer-column-4",
    "newsletter-form-action-url": "",
    "sass-variables": "",
    "custom-css": "",
    "custom-checkout-css": "",
    "custom-header-code": "",
    "custom-footer-code": "",
    "advanced-homepage-layout": "",
    "development-mode": false,
    "checkout_use_header_image": false,
    "checkout_banner_background_color": "#ffffff",
    "checkout_logo": "",
    "checkout_headline": "",
    "checkout_accent_color": "#2a9dcc",
    "checkout_button_color": "#2a9dcc",
    "checkout_call_to_action_color": "#8fc243",
    "customer_layout": "customer_area",
    "mailchimp": "",
    "round-thumbnail-images": "0",
    "round-thumbnail-images-on-homepage": "0",
    "use-adaptive-thumbnails-per-row": "0",
    "show-search-in-navbar": "true",
    "site-wide-thumbnail-container": "true",
    "show-currency-with-prices-with-currency": "false",
    "show-currency-with-prices-without-currency": "false",
    "left-quote": "",
    "right-quote": "",
    "footer-columns": "2",
    "hide-collections-with-less-than-this-number-of-products": "0",
    "main-nav-alignment": "left",
    "main-navbar-placement": "main-content-width",
    "tag-format": "dropdown",
    "font-nav-secondary-custom": "",
    "font-nav-secondary-weight": "",
    "font-nav-secondary-size": "",
    "hide-products-with-less-than-this-number-of-products": "0",
    "font-nav-secondary": "",
    "masonry-style-layout": "false",
    "font-nav-secondary-style": "normal",
    "font-nav-secondary-case": "normal",
    "featured-collections-limit": "1-row",
    "featured-products-limit": "1",
    "centered-layout": "false",
    "body-background-colour": "#444349",
    "body-heading-colour": "#7f72b3",
    "body-link-colour": "#7f72b3",
    "body-text-colour": "#eae6fa",
    "logo-alignment": "center",
    "show-sidebar": "true",
    "round-product-images": "true",
    "featured-blog": "news",
    "featured-collections-linklist": "homepage-featured-collections",
    "homepage-featured-products-collection": "frontpage",
    "homepage": "frontpage",
    "main-navbar-linklist": "main-menu"
  }
}