{
  "current": {
    "logo-image": true,
    "logo-placement": "top-navbar",
    "logo-icon-class": "",
    "brand-primary": "#f0702f",
    "background-colour": "#f9f9f9",
    "heading-colour": "#3a3a3c",
    "text-colour": "#666666",
    "link-colour": "#f0702f",
    "button-colour": "#f0702f",
    "button-text-colour": "#ffffff",
    "footer-background-colour": "#f3f3f3",
    "footer-heading-colour": "#666666",
    "footer-link-colour": "#333333",
    "footer-text-colour": "#999999",
    "main-navbar-background-colour": "#f9f9f9",
    "main-navbar-link-colour": "#3a3a3c",
    "navbar-background-colour": "#3a3a3c",
    "navbar-link-colour": "#ffffff",
    "sidebar-background-colour": "",
    "sidebar-heading-colour": "#3a3a3c",
    "sidebar-link-colour": "#333333",
    "sidebar-text-colour": "#666666",
    "round-avatars": false,
    "show-borders": true,
    "site-background-image": false,
    "site-background-image-position": "center top",
    "site-background-image-repeat": "repeat",
    "container-width-small-devices": "720px",
    "container-width-medium-devices": "970px",
    "container-width-large-devices": "1170px",
    "thumbnails-per-row-mobile": "1",
    "thumbnails-per-row-tablet": "3",
    "thumbnails-per-row-laptop": "3",
    "thumbnails-per-row-desktop": "4",
    "default-pagination": "50",
    "product-page-image-placement": "left",
    "show-breadcrumbs": false,
    "window-width-thumbnail-container": false,
    "homepage-content": "",
    "homepage-products-collection": "great-gift-ideas-for-christmas",
    "homepage-products-limit": "unlimited",
    "homepage-collections-linklist": "massive-savings-on-outdoor-gear-for-summer",
    "homepage-collections-limit": "unlimited",
    "homepage-blog": "",
    "facebook-album-blog": "frontpage",
    "features-linklist": "homepage-features",
    "instagram-feed": false,
    "testimonials-blog": "feedback",
    "testimonials-blog-post-limit": "4",
    "show-slider": true,
    "slider-width": "window-width",
    "auto-play-slider": true,
    "carousel-speed": "2000",
    "carousel-transition": "slide",
    "slide-1-active": true,
    "slide-1-dark": false,
    "slide-1-position": "middle left",
    "slide-1-heading": "Massive Range of Outdoor Gear for Every Adventure",
    "slide-1-caption": "Mitre Peak, Fiordland National Park, New Zealand / Mark Watson",
    "slide-1-button-text": "Shop Now",
    "slide-1-button-link": "/collections/all-types",
    "slide-2-active": true,
    "slide-2-dark": false,
    "slide-2-position": "bottom left",
    "slide-2-heading": "Free Shipping on Orders over $100",
    "slide-2-caption": "Somewhere, Fiordland National Park, New Zealand / Mark Watson",
    "slide-2-button-text": "Shop Now",
    "slide-2-button-link": "/collections/all-types",
    "slide-3-active": false,
    "slide-3-dark": false,
    "slide-3-position": "top left",
    "slide-3-heading": "",
    "slide-3-caption": "",
    "slide-3-button-text": "",
    "slide-3-button-link": "",
    "slide-4-active": false,
    "slide-4-dark": false,
    "slide-4-position": "top left",
    "slide-4-heading": "",
    "slide-4-caption": "",
    "slide-4-button-text": "",
    "slide-4-button-link": "",
    "slide-5-active": false,
    "slide-5-dark": false,
    "slide-5-position": "top left",
    "slide-5-heading": "",
    "slide-5-caption": "",
    "slide-5-button-text": "",
    "slide-5-button-link": "",
    "heading-letterpress": true,
    "font-body-custom": "",
    "font-body": "",
    "font-body-weight": "",
    "font-body-size": "",
    "font-body-style": "normal",
    "font-body-case": "normal",
    "font-brand-custom": "",
    "font-brand": "",
    "font-brand-weight": "",
    "font-brand-size": "",
    "font-brand-style": "normal",
    "font-brand-case": "normal",
    "font-heading-custom": "'ff-meta-web-pro'",
    "font-heading": "Helvetica, Arial, sans-serif",
    "font-heading-weight": "500",
    "font-heading-size": "36px",
    "font-heading-style": "normal",
    "font-heading-case": "normal",
    "font-navbar-custom": "",
    "font-navbar": "",
    "font-navbar-weight": "",
    "font-navbar-size": "",
    "font-navbar-style": "normal",
    "font-navbar-case": "normal",
    "blog-list-limit": "1",
    "show-author": false,
    "show-author-bios": false,
    "truncate-words": "25",
    "use-gravatars": true,
    "event-date-format": "dd/mm/yyyy",
    "display-vendor-description": false,
    "enable-image-lightbox": true,
    "enable-image-zoom": false,
    "hidden-tag-prefixes": "hd,hidden",
    "product-description-as-tabs": false,
    "product-tab-linklist": "",
    "secondary-call-to-action-url": "",
    "show-product-collections": false,
    "show-product-tags": false,
    "show-product-type": false,
    "show-product-vendor": false,
    "show-unavailable-products": false,
    "show-notify-me": false,
    "show-related-products": true,
    "show-social-share-links": false,
    "secondary-related-collection": "frontpage",
    "show-stock-availability": false,
    "max-stock-availability": "100",
    "colour-stock-availability": false,
    "featured-image-position": "do-not-show",
    "overlay-title-on-hover": false,
    "overlay-title-on-hover-background-color": "",
    "show-on-sale-badge": "as-percentage-off",
    "show-compare-at-price": true,
    "quick-cart": false,
    "show-stock-availability-on-collection": false,
    "show-product-sorter": true,
    "show-product-count-for-collections": true,
    "show-descriptions-on-nested-collections-page": false,
    "show-products-on-nested-collections-page": false,
    "show-vendor-with-thumbnail": "do-not-show",
    "all-collections-linklist": "brands",
    "show-out-of-stock-badge": true,
    "collections-per-row": "4",
    "hidden-collection-limit": "0",
    "thumbnail-layout": "ordered",
    "thumbnail-ratio": "4:3",
    "thumbnail-alignment": "middle",
    "thumbnails-cropped": false,
    "collection-feature-image": "first-product-image",
    "collection-header-placement": "above-products",
    "tag-button-limit": "0",
    "tag-filtering-action": "build-tag-filter",
    "tag-placement": "main-content",
    "collection-fallback-page": "frontpage",
    "recommended-products-collection": "frontpage",
    "show-recommended-collections-on-homepage": false,
    "show-recommended-collections-on-collection": false,
    "show-recommended-collections-on-product": false,
    "show-recommended-collections-on-cart": false,
    "show-recommended-collections-on-page": false,
    "show-recommended-collections-on-blog": false,
    "show-recommended-collections-on-article": false,
    "show-recommended-collections-on-search": false,
    "show-recommended-collections-on-404": false,
    "show-sidebar-on-homepage": true,
    "show-sidebar-on-collection": true,
    "show-sidebar-on-product": true,
    "show-sidebar-on-cart": true,
    "show-sidebar-on-page": true,
    "show-sidebar-on-blog": true,
    "show-sidebar-on-article": true,
    "show-sidebar-on-search": true,
    "show-sidebar-on-404": true,
    "sidebar-blog": "",
    "sidebar-linklist": "shop-now",
    "sidebar-placement": "left",
    "top-navbar-linklist-left": "main-menu",
    "top-navbar-linklist-right": "",
    "top-navbar-placement": "fixed-to-top",
    "main-menu-linklist": "",
    "main-menu-alignment": "center",
    "footer-navbar-linklist-left": "legal",
    "footer-navbar-linklist-right": "footer-contact-number",
    "footer-navbar-placement": "fixed-to-bottom",
    "search-placement": "top-navbar",
    "typeahead-collection": "",
    "use-mega-dropdown-menu": true,
    "column-1-blog": "frontpage",
    "column-1-menu": "",
    "column-1-text": "<h4>Gearshop, outdoor equipment.</h2>\r\n<p class=\"lead\">Massive range of outdoor, tramping, camping and survival gear with free shipping in New Zealand on orders over $100.</p>",
    "column-2-blog": "frontpage",
    "column-2-menu": "footer",
    "column-2-text": "",
    "column-3-blog": "frontpage",
    "column-3-menu": "customer-information",
    "column-3-text": "",
    "column-4-blog": "frontpage",
    "column-4-menu": "",
    "column-4-text": "<h4>Follow us for updates and specials</h4>",
    "ajax-cart": true,
    "cart-page-content": "frontpage",
    "collection-to-link-to-if-cart-empty": "all-types",
    "disable-cart": false,
    "free-shipping-threshold": "100",
    "hide-prices-if-cart-disabled": false,
    "show-agree-with-terms-and-conditions-checkbox": false,
    "show-shipping-estimator": false,
    "enable-age-verification": false,
    "verification-age": "18",
    "localizations": "add-to-cart: + Add to Cart,\r\nproduct-collections: All collections,\r\nvendor: Brand,\r\nvendors: Brands,\r\ncollection: Category,\r\ncollections: Categories,\r\nsold-out: Out of Stock,\r\nwas: \"\",\r\naway-from-free-shipping: away from FREE New Zealand shipping!,\r\nthis-order-qualifies-for-free-shipping: This order qualifies for FREE New Zealand shipping!,",
    "long-date-format": "%d %B %Y at %H:%M",
    "short-date-format": "%d %B %Y",
    "show-multiple-currencies": false,
    "currency-switcher-default": "",
    "supported-currencies": "",
    "currency-switcher-position": "top-navbar",
    "show-currency-with-prices": "without-currency",
    "append-plus-taxes-to-price": false,
    "social-links-dribbble": "",
    "social-links-email": "",
    "social-links-facebook": "http://www.facebook.com/pages/Gearshop/115491141843616",
    "social-links-flickr": "",
    "social-links-foursquare": "",
    "social-links-github": "",
    "social-links-google-plus": "",
    "social-links-instagram": "",
    "social-links-linkedin": "",
    "social-links-pinterest": "",
    "social-links-rss": "frontpage",
    "social-links-skype": "",
    "social-links-stack-exchange": "",
    "social-links-stack-overflow": "",
    "social-links-tumblr": "",
    "social-links-twitter": "http://twitter.com/Gearshop_",
    "social-links-vimeo": "",
    "social-links-youtube": "",
    "social-links-placement": "footer-column-4",
    "instagram-default-hashtag": "",
    "instagram-client-id": "",
    "instagram-blacklist": "",
    "newsletter-platform": "shopify",
    "newsletter-signup-placement": "footer-navbar-left",
    "newsletter-form-action-url": "",
    "sass-variables": "$brand-success: $brand-primary !default;",
    "custom-css": ".price { text-align: right; }\r\n\r\n.carousel-caption {\r\n  .lead {\r\n    font-size: 12px;\r\n    font-weight: 500;\r\n    opacity: .5;\r\n  }\r\n}",
    "custom-checkout-css": "div#footer.footer {\r\n  position: relative;\r\n}",
    "custom-header-code": "<script type=\"text/javascript\">\r\n  (function(d) {\r\n    var config = {\r\n      kitId: 'kvh1hns',\r\n      scriptTimeout: 3000\r\n    },\r\n    h=d.documentElement,t=setTimeout(function(){h.className=h.className.replace(/\\bwf-loading\\b/g,\"\")+\" wf-inactive\";},config.scriptTimeout),tk=d.createElement(\"script\"),f=false,s=d.getElementsByTagName(\"script\")[0],a;h.className+=\" wf-loading\";tk.src='//use.typekit.net/'+config.kitId+'.js';tk.async=true;tk.onload=tk.onreadystatechange=function(){a=this.readyState;if(f||a&&a!=\"complete\"&&a!=\"loaded\")return;f=true;clearTimeout(t);try{Typekit.load(config)}catch(e){}};s.parentNode.insertBefore(tk,s)\r\n  })(document);\r\n</script>\r\n\r\n<!-- Start Visual Website Optimizer Asynchronous Code -->\r\n<script type='text/javascript'>\r\nvar _vwo_code=(function(){\r\nvar account_id=86148,\r\nsettings_tolerance=2000,\r\nlibrary_tolerance=2500,\r\nuse_existing_jquery=false,\r\n// DO NOT EDIT BELOW THIS LINE\r\nf=false,d=document;return{use_existing_jquery:function(){return use_existing_jquery;},library_tolerance:function(){return library_tolerance;},finish:function(){if(!f){f=true;var a=d.getElementById('_vis_opt_path_hides');if(a)a.parentNode.removeChild(a);}},finished:function(){return f;},load:function(a){var b=d.createElement('script');b.src=a;b.type='text/javascript';b.innerText;b.onerror=function(){_vwo_code.finish();};d.getElementsByTagName('head')[0].appendChild(b);},init:function(){settings_timer=setTimeout('_vwo_code.finish()',settings_tolerance);this.load('//dev.visualwebsiteoptimizer.com/j.php?a='+account_id+'&u='+encodeURIComponent(d.URL)+'&r='+Math.random());var a=d.createElement('style'),b='body{opacity:0 !important;filter:alpha(opacity=0) !important;background:none !important;}',h=d.getElementsByTagName('head')[0];a.setAttribute('id','_vis_opt_path_hides');a.setAttribute('type','text/css');if(a.styleSheet)a.styleSheet.cssText=b;else a.appendChild(d.createTextNode(b));h.appendChild(a);return settings_timer;}};}());_vwo_settings_timer=_vwo_code.init();\r\n</script>\r\n<!-- End Visual Website Optimizer Asynchronous Code -->\r\n\r\n<!-- Facebook Custom Audience pixel -->\r\n<script>(function() {\r\nvar _fbq = window._fbq || (window._fbq = []);\r\nif (!_fbq.loaded) {\r\nvar fbds = document.createElement('script');\r\nfbds.async = true;\r\nfbds.src = '//connect.facebook.net/en_US/fbds.js';\r\nvar s = document.getElementsByTagName('script')[0];\r\ns.parentNode.insertBefore(fbds, s);\r\n_fbq.loaded = true;\r\n}\r\n_fbq.push(['addPixelId', '522036777899827']);\r\n})();\r\nwindow._fbq = window._fbq || [];\r\nwindow._fbq.push(['track', 'PixelInitialized', {}]);\r\n</script>",
    "custom-footer-code": "<script type=\"text/javascript\">\r\n  var _gauges = _gauges || [];\r\n  (function() {\r\n    var t   = document.createElement('script');\r\n    t.type  = 'text/javascript';\r\n    t.async = true;\r\n    t.id    = 'gauges-tracker';\r\n    t.setAttribute('data-site-id', '532b91fee32bb469ee00213f');\r\n    t.src = '//secure.gaug.es/track.js';\r\n    var s = document.getElementsByTagName('script')[0];\r\n    s.parentNode.insertBefore(t, s);\r\n  })();\r\n</script>\r\n\r\n<!-- Google Code for Remarketing Tag -->\r\n<!--------------------------------------------------\r\nRemarketing tags may not be associated with personally identifiable information or placed on pages related to sensitive categories. See more information and instructions on how to setup the tag on: http://google.com/ads/remarketingsetup\r\n--------------------------------------------------->\r\n<script type=\"text/javascript\">\r\n/* <![CDATA[ */\r\nvar google_conversion_id = 972638278;\r\nvar google_custom_params = window.google_tag_params;\r\nvar google_remarketing_only = true;\r\n/* ]]> */\r\n</script>\r\n<script type=\"text/javascript\" src=\"//www.googleadservices.com/pagead/conversion.js\">\r\n</script>\r\n<noscript>\r\n<div style=\"display:inline;\">\r\n<img height=\"1\" width=\"1\" style=\"border-style:none;\" alt=\"\" src=\"//googleads.g.doubleclick.net/pagead/viewthroughconversion/972638278/?value=0&guid=ON&script=0\"/>\r\n</div>\r\n</noscript>\r\n\r\n<!-- Facebook Custom Audience pixel -->\r\n<noscript><img height=\"1\" width=\"1\" alt=\"\" style=\"display:none\" src=\"https://www.facebook.com/tr?id=522036777899827&ev=PixelInitialized\" /></noscript>",
    "advanced-homepage-layout": "",
    "development-mode": false,
    "checkout_use_header_image": true,
    "checkout_banner_background_color": "#3a3a3c",
    "checkout_logo": "checkout_logo.png",
    "checkout_headline": "",
    "checkout_accent_color": "#f0702f",
    "checkout_button_color": "#f0702f",
    "checkout_call_to_action_color": "#8fc243",
    "customer_layout": "customer_area",
    "round-thumbnail-images": "0",
    "round-thumbnail-images-on-homepage": "0",
    "use-adaptive-thumbnails-per-row": "0",
    "mailchimp": "",
    "show-search-in-navbar": "true",
    "body-background-colour": "#f6f6f6",
    "body-heading-colour": "#3a3a3c",
    "body-link-colour": "#f0702f",
    "body-text-colour": "#444444",
    "font-nav-secondary-custom": "",
    "font-nav-secondary-weight": "",
    "font-nav-secondary-size": "",
    "hide-products-with-less-than-this-number-of-products": "2",
    "left-quote": "",
    "right-quote": "",
    "font-nav-secondary": "",
    "round-product-images": "false",
    "centered-layout": "false",
    "masonry-style-layout": "false",
    "show-sidebar": "true",
    "logo-alignment": "center",
    "featured-collections-limit": "unlimited",
    "featured-products-limit": "12",
    "font-nav-secondary-style": "normal",
    "font-nav-secondary-case": "normal",
    "tag-format": "buttons",
    "main-nav-alignment": "left",
    "main-navbar-placement": "full-width",
    "footer-columns": "4",
    "thumbnails-per-row": "4",
    "show-product-sku": "true",
    "fit-thumbnails-in-a-square": "true",
    "collection": "Collection",
    "collections": "Collections",
    "tag": "Tag",
    "tags": "Tags",
    "type": "Type",
    "vendor": "Vendor",
    "featured-collections-linklist": "leading-brands-of-outdoor-gear",
    "homepage-featured-products-collection": "everyday-value",
    "homepage": "frontpage",
    "max-height-of-product-images-desktop": "220px",
    "max-height-of-product-images-tablet": "180px",
    "featured-blog": "",
    "site-wide-thumbnail-container": "false"
  }
}