{
  "custom": {
    "logo-image": false,
    "logo-placement": "top-navbar",
    "logo-icon-class": "",
    "brand-primary": "#f7f2ea",
    "background-colour": "#f7f2ea",
    "heading-colour": "#2b170b",
    "text-colour": "#2b170b",
    "link-colour": "#853a08",
    "button-colour": "#853a08",
    "button-text-colour": "#f7f2ea",
    "footer-background-colour": "#ece1ce",
    "footer-heading-colour": "",
    "footer-link-colour": "",
    "footer-text-colour": "",
    "main-navbar-background-colour": "",
    "main-navbar-link-colour": "",
    "navbar-background-colour": "#2e221b",
    "navbar-link-colour": "#f7f2ea",
    "sidebar-background-colour": "",
    "sidebar-heading-colour": "",
    "sidebar-link-colour": "",
    "sidebar-text-colour": "",
    "round-avatars": false,
    "show-borders": false,
    "site-background-image": false,
    "site-background-image-position": "center top",
    "site-background-image-repeat": "repeat",
    "container-width-small-devices": "720px",
    "container-width-medium-devices": "970px",
    "container-width-large-devices": "1170px",
    "thumbnails-per-row-mobile": "2",
    "thumbnails-per-row-tablet": "2",
    "thumbnails-per-row-laptop": "4",
    "thumbnails-per-row-desktop": "6",
    "default-pagination": "24",
    "product-page-image-placement": "right",
    "show-breadcrumbs": true,
    "window-width-thumbnail-container": false,
    "homepage-content": "frontpage",
    "homepage-products-collection": "featured-beers",
    "homepage-products-limit": "6",
    "homepage-collections-linklist": "",
    "homepage-collections-limit": "1-row",
    "homepage-blog": "news",
    "facebook-album-blog": "frontpage",
    "features-linklist": "",
    "instagram-feed": true,
    "testimonials-blog": "frontpage",
    "testimonials-blog-post-limit": "4",
    "show-slider": true,
    "slider-width": "window-width",
    "auto-play-slider": false,
    "carousel-speed": "2000",
    "carousel-transition": "slide",
    "slide-1-active": true,
    "slide-1-dark": false,
    "slide-1-position": "top left",
    "slide-1-heading": "",
    "slide-1-caption": "",
    "slide-1-button-text": "",
    "slide-1-button-link": "",
    "slide-2-active": true,
    "slide-2-dark": false,
    "slide-2-position": "top left",
    "slide-2-heading": "",
    "slide-2-caption": "",
    "slide-2-button-text": "",
    "slide-2-button-link": "",
    "slide-3-active": false,
    "slide-3-dark": false,
    "slide-3-position": "top left",
    "slide-3-heading": "",
    "slide-3-caption": "",
    "slide-3-button-text": "",
    "slide-3-button-link": "",
    "slide-4-active": false,
    "slide-4-dark": false,
    "slide-4-position": "top left",
    "slide-4-heading": "",
    "slide-4-caption": "",
    "slide-4-button-text": "",
    "slide-4-button-link": "",
    "slide-5-active": false,
    "slide-5-dark": false,
    "slide-5-position": "top left",
    "slide-5-heading": "",
    "slide-5-caption": "",
    "slide-5-button-text": "",
    "slide-5-button-link": "",
    "heading-letterpress": true,
    "font-body-custom": "Oxygen",
    "font-body": "",
    "font-body-weight": "300",
    "font-body-size": "16px",
    "font-body-style": "normal",
    "font-body-case": "normal",
    "font-brand-custom": "Rokkitt",
    "font-brand": "",
    "font-brand-weight": "700",
    "font-brand-size": "",
    "font-brand-style": "normal",
    "font-brand-case": "normal",
    "font-heading-custom": "Rokkitt",
    "font-heading": "",
    "font-heading-weight": "700",
    "font-heading-size": "80px",
    "font-heading-style": "normal",
    "font-heading-case": "normal",
    "font-navbar-custom": "",
    "font-navbar": "",
    "font-navbar-weight": "",
    "font-navbar-size": "14px",
    "font-navbar-style": "normal",
    "font-navbar-case": "normal",
    "blog-list-limit": "3",
    "show-author": true,
    "show-author-bios": true,
    "truncate-words": "25",
    "use-gravatars": true,
    "event-date-format": "dd/mm/yyyy",
    "display-vendor-description": false,
    "enable-image-lightbox": false,
    "enable-image-zoom": false,
    "hidden-tag-prefixes": "hd,hidden",
    "product-description-as-tabs": false,
    "product-tab-linklist": "",
    "secondary-call-to-action-url": "",
    "show-product-collections": true,
    "show-product-tags": true,
    "show-product-type": true,
    "show-product-vendor": true,
    "show-unavailable-products": false,
    "show-notify-me": false,
    "show-related-products": true,
    "show-social-share-links": false,
    "secondary-related-collection": "frontpage",
    "featured-image-position": "do-not-show",
    "overlay-title-on-hover": true,
    "overlay-title-on-hover-background-color": "#2e221b",
    "show-on-sale-badge": "as-text",
    "show-compare-at-price": false,
    "show-product-sorter": true,
    "show-product-count-for-collections": true,
    "show-descriptions-on-nested-collections-page": false,
    "show-products-on-nested-collections-page": false,
    "show-vendor-with-thumbnail": "do-not-show",
    "all-collections-linklist": "",
    "show-out-of-stock-badge": false,
    "collections-per-row": "2",
    "hidden-collection-limit": "0",
    "thumbnail-layout": "ordered",
    "thumbnail-ratio": "2:3",
    "thumbnail-alignment": "middle",
    "thumbnails-cropped": true,
    "collection-feature-image": "collection-image",
    "collection-header-placement": "above-products",
    "tag-button-limit": "10",
    "tag-filtering-action": "build-tag-filter",
    "tag-placement": "sidebar",
    "recommended-products-collection": "frontpage",
    "show-recommended-collections-on-homepage": false,
    "show-recommended-collections-on-collection": false,
    "show-recommended-collections-on-product": false,
    "show-recommended-collections-on-cart": false,
    "show-recommended-collections-on-page": false,
    "show-recommended-collections-on-blog": false,
    "show-recommended-collections-on-article": false,
    "show-recommended-collections-on-search": false,
    "show-recommended-collections-on-404": false,
    "show-sidebar-on-homepage": false,
    "show-sidebar-on-collection": true,
    "show-sidebar-on-product": true,
    "show-sidebar-on-cart": true,
    "show-sidebar-on-page": true,
    "show-sidebar-on-blog": true,
    "show-sidebar-on-article": true,
    "show-sidebar-on-search": true,
    "show-sidebar-on-404": false,
    "sidebar-blog": "news",
    "sidebar-linklist": "",
    "sidebar-placement": "right",
    "top-navbar-linklist-left": "main-menu",
    "top-navbar-linklist-right": "",
    "top-navbar-placement": "fixed-to-top",
    "main-menu-linklist": "",
    "main-menu-alignment": "left",
    "footer-navbar-linklist-left": "",
    "footer-navbar-linklist-right": "",
    "footer-navbar-placement": "static-bottom",
    "search-placement": "dont-show",
    "typeahead-collection": "all",
    "use-mega-dropdown-menu": false,
    "column-1-blog": "frontpage",
    "column-1-menu": "footer",
    "column-1-text": "",
    "column-2-blog": "frontpage",
    "column-2-menu": "",
    "column-2-text": "",
    "column-3-blog": "frontpage",
    "column-3-menu": "",
    "column-3-text": "",
    "column-4-blog": "frontpage",
    "column-4-menu": "",
    "column-4-text": "",
    "ajax-cart": false,
    "cart-page-content": "frontpage",
    "collection-to-link-to-if-cart-empty": "all",
    "disable-cart": false,
    "free-shipping-threshold": "$100",
    "hide-prices-if-cart-disabled": false,
    "show-agree-with-terms-and-conditions-checkbox": false,
    "show-shipping-estimator": true,
    "enable-age-verification": false,
    "verification-age": "18",
    "localizations": "",
    "long-date-format": "%d %B %Y at %H:%M",
    "short-date-format": "%d %B %Y",
    "show-multiple-currencies": true,
    "currency-switcher-default": "",
    "supported-currencies": "NZD USD CAD",
    "currency-switcher-position": "top-navbar",
    "show-currency-with-prices": "with-currency",
    "append-plus-taxes-to-price": false,
    "social-links-dribbble": "",
    "social-links-email": "",
    "social-links-facebook": "",
    "social-links-flickr": "",
    "social-links-foursquare": "",
    "social-links-github": "",
    "social-links-google-plus": "",
    "social-links-instagram": "",
    "social-links-linkedin": "",
    "social-links-pinterest": "",
    "social-links-rss": "frontpage",
    "social-links-skype": "",
    "social-links-stack-exchange": "",
    "social-links-stack-overflow": "",
    "social-links-tumblr": "",
    "social-links-twitter": "",
    "social-links-vimeo": "",
    "social-links-youtube": "",
    "social-links-placement": "footer-column-2",
    "instagram-default-hashtag": "craftbeer",
    "instagram-client-id": "a1414c35e2ef48de882509772d347730",
    "instagram-blacklist": "",
    "newsletter-platform": "shopify",
    "newsletter-signup-placement": "footer-column-2",
    "newsletter-form-action-url": "",
    "sass-variables": "",
    "custom-css": "",
    "custom-checkout-css": "",
    "custom-header-code": "<link href='http://fonts.googleapis.com/css?family=Rokkitt:700|Oxygen:300,400' rel='stylesheet' type='text/css'>",
    "custom-footer-code": "",
    "advanced-homepage-layout": "",
    "development-mode": false,
    "checkout_use_header_image": false,
    "checkout_banner_background_color": "#ffffff",
    "checkout_logo": "",
    "checkout_headline": "",
    "checkout_accent_color": "#2a9dcc",
    "checkout_button_color": "#2a9dcc",
    "checkout_call_to_action_color": "#8fc243",
    "customer_layout": "customer_area",
    "round-thumbnail-images": "0",
    "round-thumbnail-images-on-homepage": "0",
    "use-adaptive-thumbnails-per-row": "1",
    "show-search-in-navbar": "1",
    "mailchimp": "",
    "site-wide-thumbnail-container": "true"
  },
  "current": "Blank",
  "presets": {
    "Blank": {
      "logo-image": false,
      "logo-placement": "top-navbar",
      "logo-icon-class": "",
      "brand-primary": "",
      "background-colour": "",
      "heading-colour": "",
      "text-colour": "",
      "link-colour": "",
      "button-colour": "",
      "button-text-colour": "",
      "footer-background-colour": "",
      "footer-heading-colour": "",
      "footer-link-colour": "",
      "footer-text-colour": "",
      "main-navbar-background-colour": "",
      "main-navbar-link-colour": "",
      "navbar-background-colour": "",
      "navbar-link-colour": "",
      "sidebar-background-colour": "",
      "sidebar-heading-colour": "",
      "sidebar-link-colour": "",
      "sidebar-text-colour": "",
      "round-avatars": false,
      "show-borders": false,
      "site-background-image": false,
      "site-background-image-position": "center top",
      "site-background-image-repeat": "repeat",
      "container-width-small-devices": "720px",
      "container-width-medium-devices": "970px",
      "container-width-large-devices": "1170px",
      "thumbnails-per-row-mobile": "1",
      "thumbnails-per-row-tablet": "2",
      "thumbnails-per-row-laptop": "4",
      "thumbnails-per-row-desktop": "4",
      "default-pagination": "24",
      "product-page-image-placement": "left",
      "show-breadcrumbs": false,
      "window-width-thumbnail-container": false,
      "homepage-content": "frontpage",
      "homepage-products-collection": "frontpage",
      "homepage-products-limit": "1",
      "homepage-collections-linklist": "",
      "homepage-collections-limit": "1-row",
      "homepage-blog": "news",
      "facebook-album-blog": "frontpage",
      "features-linklist": "",
      "instagram-feed": false,
      "testimonials-blog": "frontpage",
      "testimonials-blog-post-limit": "4",
      "show-slider": false,
      "slider-width": "window-width",
      "auto-play-slider": false,
      "carousel-speed": "2000",
      "carousel-transition": "slide",
      "slide-1-active": false,
      "slide-1-dark": false,
      "slide-1-position": "top left",
      "slide-1-heading": "",
      "slide-1-caption": "",
      "slide-1-button-text": "",
      "slide-1-button-link": "",
      "slide-2-active": false,
      "slide-2-dark": false,
      "slide-2-position": "top left",
      "slide-2-heading": "",
      "slide-2-caption": "",
      "slide-2-button-text": "",
      "slide-2-button-link": "",
      "slide-3-active": false,
      "slide-3-dark": false,
      "slide-3-position": "top left",
      "slide-3-heading": "",
      "slide-3-caption": "",
      "slide-3-button-text": "",
      "slide-3-button-link": "",
      "slide-4-active": false,
      "slide-4-dark": false,
      "slide-4-position": "top left",
      "slide-4-heading": "",
      "slide-4-caption": "",
      "slide-4-button-text": "",
      "slide-4-button-link": "",
      "slide-5-active": false,
      "slide-5-dark": false,
      "slide-5-position": "top left",
      "slide-5-heading": "",
      "slide-5-caption": "",
      "slide-5-button-text": "",
      "slide-5-button-link": "",
      "heading-letterpress": false,
      "font-body-custom": "",
      "font-body": "",
      "font-body-weight": "",
      "font-body-size": "",
      "font-body-style": "normal",
      "font-body-case": "normal",
      "font-brand-custom": "",
      "font-brand": "",
      "font-brand-weight": "",
      "font-brand-size": "",
      "font-brand-style": "normal",
      "font-brand-case": "normal",
      "font-heading-custom": "",
      "font-heading": "",
      "font-heading-weight": "",
      "font-heading-size": "",
      "font-heading-style": "normal",
      "font-heading-case": "normal",
      "font-navbar-custom": "",
      "font-navbar": "",
      "font-navbar-weight": "",
      "font-navbar-size": "",
      "font-navbar-style": "normal",
      "font-navbar-case": "normal",
      "blog-list-limit": "1",
      "show-author": false,
      "show-author-bios": false,
      "truncate-words": "25",
      "use-gravatars": false,
      "event-date-format": "dd/mm/yyyy",
      "display-vendor-description": false,
      "enable-image-lightbox": false,
      "enable-image-zoom": false,
      "hidden-tag-prefixes": "hd,hidden",
      "product-description-as-tabs": false,
      "product-tab-linklist": "",
      "secondary-call-to-action-url": "",
      "show-product-collections": false,
      "show-product-tags": false,
      "show-product-type": false,
      "show-product-vendor": false,
      "show-unavailable-products": false,
      "show-notify-me": false,
      "show-related-products": false,
      "show-social-share-links": false,
      "secondary-related-collection": "frontpage",
      "featured-image-position": "do-not-show",
      "overlay-title-on-hover": false,
      "overlay-title-on-hover-background-color": "",
      "show-on-sale-badge": "as-text",
      "show-compare-at-price": false,
      "show-product-sorter": false,
      "show-product-count-for-collections": false,
      "show-descriptions-on-nested-collections-page": false,
      "show-products-on-nested-collections-page": false,
      "show-vendor-with-thumbnail": "do-not-show",
      "all-collections-linklist": "",
      "show-out-of-stock-badge": false,
      "collections-per-row": "2",
      "hidden-collection-limit": "0",
      "thumbnail-layout": "ordered",
      "thumbnail-ratio": "1:1",
      "thumbnail-alignment": "top",
      "thumbnails-cropped": false,
      "collection-feature-image": "collection-image",
      "collection-header-placement": "above-products",
      "tag-button-limit": "10",
      "tag-filtering-action": "build-tag-filter",
      "tag-placement": "do-not-show",
      "recommended-products-collection": "frontpage",
      "show-recommended-collections-on-homepage": false,
      "show-recommended-collections-on-collection": false,
      "show-recommended-collections-on-product": false,
      "show-recommended-collections-on-cart": false,
      "show-recommended-collections-on-page": false,
      "show-recommended-collections-on-blog": false,
      "show-recommended-collections-on-article": false,
      "show-recommended-collections-on-search": false,
      "show-recommended-collections-on-404": false,
      "show-sidebar-on-homepage": false,
      "show-sidebar-on-collection": false,
      "show-sidebar-on-product": false,
      "show-sidebar-on-cart": false,
      "show-sidebar-on-page": false,
      "show-sidebar-on-blog": false,
      "show-sidebar-on-article": false,
      "show-sidebar-on-search": false,
      "show-sidebar-on-404": false,
      "sidebar-blog": "frontpage",
      "sidebar-linklist": "",
      "sidebar-placement": "left",
      "top-navbar-linklist-left": "main-menu",
      "top-navbar-linklist-right": "",
      "top-navbar-placement": "fixed-to-top",
      "main-menu-linklist": "",
      "main-menu-alignment": "left",
      "footer-navbar-linklist-left": "",
      "footer-navbar-linklist-right": "",
      "footer-navbar-placement": "fixed-to-bottom",
      "search-placement": "dont-show",
      "typeahead-collection": "frontpage",
      "use-mega-dropdown-menu": false,
      "column-1-blog": "frontpage",
      "column-1-menu": "",
      "column-1-text": "",
      "column-2-blog": "frontpage",
      "column-2-menu": "",
      "column-2-text": "",
      "column-3-blog": "frontpage",
      "column-3-menu": "",
      "column-3-text": "",
      "column-4-blog": "frontpage",
      "column-4-menu": "",
      "column-4-text": "",
      "ajax-cart": false,
      "cart-page-content": "frontpage",
      "collection-to-link-to-if-cart-empty": "frontpage",
      "disable-cart": false,
      "free-shipping-threshold": "$100",
      "hide-prices-if-cart-disabled": false,
      "show-agree-with-terms-and-conditions-checkbox": false,
      "show-shipping-estimator": false,
      "enable-age-verification": false,
      "verification-age": "18",
      "localizations": "",
      "long-date-format": "%d %B %Y at %H:%M",
      "short-date-format": "%d %B %Y",
      "show-multiple-currencies": false,
      "currency-switcher-default": "",
      "supported-currencies": "",
      "currency-switcher-position": "top-navbar",
      "show-currency-with-prices": "with-currency",
      "append-plus-taxes-to-price": false,
      "social-links-dribbble": "",
      "social-links-email": "",
      "social-links-facebook": "",
      "social-links-flickr": "",
      "social-links-foursquare": "",
      "social-links-github": "",
      "social-links-google-plus": "",
      "social-links-instagram": "",
      "social-links-linkedin": "",
      "social-links-pinterest": "",
      "social-links-rss": "",
      "social-links-skype": "",
      "social-links-stack-exchange": "",
      "social-links-stack-overflow": "",
      "social-links-tumblr": "",
      "social-links-twitter": "",
      "social-links-vimeo": "",
      "social-links-youtube": "",
      "social-links-placement": "top-navbar-left",
      "instagram-default-hashtag": "",
      "instagram-client-id": "",
      "instagram-blacklist": "",
      "newsletter-platform": "shopify",
      "newsletter-signup-placement": "dont-show",
      "newsletter-form-action-url": "",
      "sass-variables": "",
      "custom-css": "",
      "custom-checkout-css": "",
      "custom-header-code": "",
      "custom-footer-code": "",
      "advanced-homepage-layout": "",
      "development-mode": false,
      "checkout_use_header_image": false,
      "checkout_banner_background_color": "#ffffff",
      "checkout_logo": "",
      "checkout_headline": "",
      "checkout_accent_color": "#2a9dcc",
      "checkout_button_color": "#2a9dcc",
      "checkout_call_to_action_color": "#8fc243",
      "customer_layout": "customer_area"
    }
  }
}